id,group,username,country,followers,active
1,a,pwakelin0,Germany,61447,true
2,c,qmenco1,Indonesia,24142,false
3,b,bbettley2,Colombia,,false
4,b,dcharlson3,Finland,3084,true
5,c,hfincken4,China,,false
6,e,ioffill5,Sri Lanka,,true
7,e,bfenn6,China,55988,true
8,,hreddish7,Georgia,95066,true
9,a,ccrookston8,China,64047,false
10,b,jhaseman9,China,47914,true
11,,pbarthota,Lebanon,43335,true
12,e,dthreadgillb,China,79467,true
13,d,gsawbridgec,United States,54866,false
14,,kmaccardled,Czech Republic,83194,true
15,a,mcastrilloe,Poland,73106,true
16,b,dbatief,Uruguay,64762,false
17,a,goxbeg,Indonesia,59605,true
18,d,rbrash,Indonesia,11380,true
19,b,bbriari,China,92096,true
20,b,volechnowiczj,Japan,57282,false
21,,lsaurak,China,33962,true
22,,mgriefl,China,12359,true
23,a,ddwellingm,Serbia,12770,true
24,e,btalboyn,South Africa,3094,true
25,,cneeshamo,Venezuela,60746,false
26,a,wsilvermannp,Greece,96027,true
27,a,lbenninckq,China,77809,true
28,e,jcoffeltr,Mauritius,50361,false
29,a,ktesimons,Indonesia,67289,false
30,c,hgrentert,Madagascar,88724,false
31,b,wecclestonu,Norway,95860,false
32,d,rbagworthv,China,34873,false
33,b,gklimkew,Syria,80435,true
34,c,groselx,China,18491,false
35,c,mnossenty,China,26259,false
36,d,sputlandz,Greece,95932,false
37,d,zdacre10,Russia,7753,true
38,c,jtestro11,Canada,34385,true
39,d,lloseby12,China,11383,true
40,c,abarbe13,Croatia,49091,true
41,c,stompkin14,United States,22389,true
42,b,wshilstone15,Chile,79329,true
43,e,kchurm16,Poland,40537,false
44,a,nwillmer17,Russia,,true
45,a,tsoal18,Iran,59594,false
46,d,rprattin19,China,47435,false
47,c,rduggleby1a,Portugal,92383,true
48,b,gellul1b,Russia,32341,false
49,a,dgreaves1c,Bangladesh,94087,true
50,c,pfrostdicke1d,Myanmar,24834,false
51,b,dcapron1e,Yemen,42487,false
52,d,hcritchard1f,Poland,62924,true
53,a,gropkes1g,Afghanistan,20760,true
54,d,jskrines1h,China,49264,false
55,b,fclitsome1i,Argentina,11383,true
56,a,sgosenell1j,Philippines,32240,false
57,d,acuerdale1k,Brazil,72457,false
58,b,rdashper1l,Mexico,65207,true
59,a,jpadwick1m,Greece,72435,true
60,c,rderoeck1n,Philippines,1966,false
61,c,lcattroll1o,Poland,81279,false
62,b,hbachanski1p,Russia,38769,true
63,e,kkyston1q,Russia,51152,true
64,c,dbaldassi1r,Denmark,,true
65,e,wurwin1s,Afghanistan,31157,true
66,,jfitkin1t,Russia,,true
67,b,sbortolussi1u,China,51023,true
68,e,tformie1v,China,98561,false
69,b,gwilleson1w,Russia,79160,true
70,a,omcalester1x,Indonesia,55704,true
71,d,etilling1y,Paraguay,40740,true
72,a,olemmer1z,Somalia,65796,true
73,b,zuzzell20,Russia,91966,true
74,c,sescot21,Hungary,58230,true
75,,rkalb22,China,77155,false
76,b,mskull23,Canada,91086,true
77,e,tsapena24,Syria,35328,true
78,c,bdelaunde25,China,96276,false
79,a,gpammenter26,China,32067,false
80,a,ibankes27,United States,,false
81,,iruskin28,Vietnam,14973,true
82,b,mbraemer29,Indonesia,89289,true
83,c,dshank2a,Thailand,29420,true
84,c,kgoshawk2b,China,24116,true
85,b,rtibbs2c,Portugal,90470,true
86,c,aheffron2d,Portugal,14918,false
87,a,bgable2e,Indonesia,96769,false
88,d,gforth2f,Philippines,75403,true
89,e,syelland2g,Indonesia,3016,true
90,b,dtumilson2h,Philippines,94426,true
91,a,cburmingham2i,Macedonia,11714,true
92,e,bcousans2j,Russia,57919,true
93,d,gsheber2k,Vietnam,79560,false
94,a,abolton2l,China,756,true
95,d,asprosson2m,Germany,99914,false
96,b,bchapling2n,Iran,66983,false
97,e,snaris2o,Netherlands,96026,false
98,b,esmeal2p,Philippines,41397,true
99,e,dhovel2q,China,94201,true
100,a,byushmanov2r,Indonesia,44945,false
101,a,lreveley2s,Malawi,72013,false
102,b,lcollens2t,Ethiopia,58907,true
103,c,dkrochmann2u,Kazakhstan,44776,false
104,,dleask2v,China,59659,true
105,b,hlockart2w,Italy,4501,false
106,c,cshellsheere2x,Serbia,81313,false
107,d,cfrontczak2y,Tunisia,93498,true
108,e,alooney2z,Belarus,73204,true
109,a,boleksinski30,China,53219,true
110,e,bemlen31,Philippines,49945,true
111,a,hjessup32,Argentina,31478,false
112,e,mpillington33,France,,true
113,a,mmanueli34,Haiti,87256,false
114,d,cshingler35,Colombia,64810,false
115,b,bliffey36,Canada,30498,false
116,d,jchesher37,Poland,27440,true
117,a,btrengrouse38,Colombia,22676,true
118,c,soki39,Canada,31296,true
119,b,apauly3a,China,70800,false
120,c,lmichelin3b,Portugal,,true
121,d,mlongea3c,Greece,90481,true
122,d,mtoulch3d,Papua New Guinea,91119,false
123,e,wlarderot3e,Sweden,80687,true
124,c,gmeric3f,Philippines,41593,false
125,c,jtellenbroker3g,Peru,69418,true
126,b,jskryne3h,China,86478,true
127,e,ffurzer3i,Portugal,38713,true
128,e,agolightly3j,Russia,92211,false
129,a,lcottesford3k,South Korea,52553,false
130,c,serskinesandys3l,United States,69038,true
131,b,irex3m,Jordan,87535,true
132,e,mhardesty3n,Argentina,72564,false
133,a,sloraine3o,China,61866,false
134,b,wagus3p,Philippines,12540,true
135,b,bwalles3q,Brazil,3072,true
136,a,wcruickshanks3r,Russia,99669,true
137,c,tmonnery3s,Mauritius,88019,true
138,b,ahandy3t,Mexico,95028,false
139,,lbroughton3u,Indonesia,12032,true
140,b,cdemougeot3v,United States,37297,true
141,c,ckinningley3w,Brazil,92103,true
142,c,jhabbijam3x,Indonesia,54303,true
143,c,amossop3y,Portugal,,true
144,c,khartop3z,Syria,90676,true
145,b,lshowell40,Bosnia and Herzegovina,88391,true
146,b,jgladtbach41,Peru,10392,true
147,c,dpimblotte42,Indonesia,20151,false
148,e,acastagno43,China,36407,true
149,d,zstote44,Russia,9782,false
150,d,kattac45,Indonesia,51274,true
151,d,dchomiszewski46,China,9271,false
152,e,fhebborne47,Canada,63648,true
153,d,cclemendet48,Macedonia,88519,false
154,b,hcinelli49,Philippines,24745,true
155,d,rrispine4a,China,37049,false
156,c,eayliff4b,United States,88942,true
157,c,psprowle4c,China,96752,false
158,e,ksponer4d,Sweden,39601,true
159,b,ehowgate4e,China,85909,false
160,e,aomolan4f,Nigeria,25845,true
161,c,dtimewell4g,China,72678,false
162,d,thousby4h,China,87928,true
163,c,krossbrooke4i,Philippines,50078,true
164,c,wmishow4j,China,17433,false
165,,hhenkmann4k,France,18238,false
166,b,lcraigmile4l,China,9686,false
167,d,rstive4m,Ukraine,8114,true
168,d,cleleu4n,New Zealand,20224,false
169,c,jbuttrick4o,Peru,27268,true
170,a,cgaiford4p,Bosnia and Herzegovina,86035,false
171,b,dwanstall4q,China,12324,true
172,e,cvanoort4r,Spain,99108,true
173,c,jnorman4s,Russia,45561,true
174,a,cderr4t,Indonesia,77125,true
175,e,rdishmon4u,Somalia,34348,true
176,,kwestall4v,Sweden,6775,false
177,c,cbillows4w,United States,5708,false
178,d,jcleaveland4x,Philippines,91647,true
179,e,emengue4y,Nigeria,65737,false
180,e,askittles4z,Egypt,54095,false
181,a,bblampey50,China,74988,false
182,b,dsturdey51,China,59226,true
183,b,fbruinsma52,United States,96971,false
184,e,eboram53,Tajikistan,96959,true
185,b,ggoodinge54,Peru,71436,true
186,c,klademann55,Argentina,75936,true
187,c,hantonoczyk56,Philippines,87223,false
188,b,tjezard57,Philippines,6841,false
189,b,bcromly58,China,69384,false
190,d,ebeatens59,China,4916,true
191,c,lniave5a,France,60206,true
192,d,tfarrin5b,Russia,13343,false
193,d,vgoodwell5c,China,17063,false
194,e,jrainey5d,Argentina,58339,false
195,b,dpistol5e,China,14634,false
196,c,achauvey5f,Indonesia,90186,true
197,b,tdankov5g,Poland,84487,true
198,e,smceniry5h,Papua New Guinea,87607,true
199,c,fwoollam5i,Philippines,43054,true
200,a,ccrilley5j,Argentina,8793,false
